<?xml version="1.0" encoding="UTF-8"?>
<beans  
    xmlns="http://www.springframework.org/schema/beans"  
    xmlns:xsi="http://www.w3.org/2001/XMLSchema-instance"  
    xmlns:p="http://www.springframework.org/schema/p"  
    xsi:schemaLocation="http://www.springframework.org/schema/beans  
               http://www.springframework.org/schema/beans/spring-beans-3.0.xsd">  
               
     <bean id="lib" class="com.bean.Library">
  <constructor-arg value="101"></constructor-arg>
  <constructor-arg value="University Library"></constructor-arg>
  <constructor-arg>
  <Set>
  <value>Java</value>
  <value>JSf in action</value>
  <value>JSf in action</value>
  <value>Mastering EJB</value>
  </Set>
 
  </constructor-arg>
  </bean>
  </beans>