<?xml version="1.0" encoding="UTF-8"?>

<beans xmlns = "http://www.springframework.org/schema/beans"
   xmlns:xsi = "http://www.w3.org/2001/XMLSchema-instance"
   xsi:schemaLocation = "http://www.springframework.org/schema/beans
   http://www.springframework.org/schema/beans/spring-beans-3.0.xsd">
   
<bean class="Address" id="addId">
<property name="addId" value="123"></property>
<property name="loc" value="hyd"></property>
</bean>
<bean class="Employee" id="id2" autowire="constructor"></bean>
</beans>
   